synthesis_title,synthesis_type,executive_insight,strategic_implications,action_recommendations,quality_score,evidence_convergence,stakeholder_alignment
Strong Client Sentiment on Pricing Enhances Competitive Edge,scorecard_driven,"Clients are expressing a robust positive sentiment regarding the affordability and perceived value of our pricing options, indicating a favorable market position.","Leveraging positive client perceptions of pricing can strengthen our value propositions, potentially leading to increased customer acquisition and retention.","Conduct further analysis to identify specific pricing features that clients value most, and consider enhancing marketing efforts to highlight these aspects in outreach initiatives.",1.8,1.0,0.5
Enhancing Customer Loyalty Through Flexible Pricing Strategies,similarity_based,Rev's potential to boost customer satisfaction and retention hinges on the implementation of flexible pricing options tailored to diverse customer segments.,"Adopting flexible pricing strategies could position Rev as a customer-centric organization, enhancing competitive advantage and fostering long-term relationships.","Conduct a market analysis to identify customer segment needs, develop a range of flexible pricing models, and pilot these options with select customer groups to gauge impact on satisfaction and retention.",6.31,1.0,0.5
Enhancing Customer Experience through Real-Time Feedback Systems,similarity_based,"Implementing a real-time feedback system can significantly reduce response times and enhance customer satisfaction, addressing frustrations highlighted by customers regarding delays.","Improving responsiveness aligns with strategic goals of customer-centricity and operational efficiency, potentially leading to increased customer loyalty and retention.","Develop and implement a real-time feedback system for customer inquiries, train staff on its use, and monitor response times to ensure continuous improvement.",6.31,1.0,0.5
Enhancing User Adoption Through Streamlined Onboarding,similarity_based,"Rev can significantly boost user adoption rates by refining its onboarding process, addressing current challenges faced by users.","A more effective onboarding process not only enhances user experience but also fosters long-term engagement and satisfaction, ultimately impacting retention and growth.",Rev should prioritize the development of comprehensive onboarding resources and support systems to streamline the implementation process and reduce user confusion.,6.31,1.0,0.5
Enhancing Client Engagement Through Targeted Outreach,similarity_based,Increasing direct engagement with firms represented by key stakeholders can significantly boost client acquisition and retention.,"Focusing on targeted outreach can strengthen relationships with potential clients, leading to higher retention rates and a more robust client base.","Revamp outreach strategies to prioritize direct engagement with firms similar to those represented by Christina and Yusuf, leveraging insights from interviews to tailor approaches.",5.2,1.0,0.5
Enhancing Security Compliance Through Training and Documentation,similarity_based,Implementing regular training sessions and providing clear documentation can significantly mitigate compliance issues and strengthen the organization's security posture.,"Addressing compliance issues proactively through training and documentation can lead to a more robust security framework, reducing risks and enhancing organizational credibility.","Develop a structured training program focused on compliance, create comprehensive documentation outlining security protocols, and schedule regular training sessions to reinforce understanding and adherence.",4.16,1.0,0.5
Enhancing AI Visibility to Boost User Awareness and Satisfaction,similarity_based,"Promoting the cost benefits of AI more prominently on the website can significantly enhance user awareness and satisfaction, addressing the current gap in user understanding.","Improving visibility of AI benefits aligns with strategic goals of increasing user engagement and satisfaction, potentially leading to higher adoption rates and customer loyalty.","Revamp the website to prominently feature AI cost benefits, utilizing clear messaging and user-friendly design to enhance visibility and understanding.",5.2,1.0,0.5
Enhancing Security Compliance Through Training and Documentation,similarity_based,Improving security compliance features by investing in comprehensive training and clearer documentation can significantly reduce compliance-related issues and enhance user confidence.,"Addressing compliance concerns not only mitigates risks but also fosters trust among users, potentially leading to increased adoption and satisfaction.","Implement a structured training program focused on compliance, develop user-friendly documentation, and regularly solicit feedback to refine these resources.",6.0,1.0,0.5
Enhancing Security Compliance Through Training and Documentation,similarity_based,"Rev has a significant opportunity to strengthen its security compliance posture by addressing identified gaps in training and documentation. By implementing regular training sessions and providing clear guidelines, the organization can mitigate compliance-related issues and empower employees to meet standards effectively.",Improving security compliance not only reduces risks associated with non-compliance but also enhances the overall security framework of the organization. This proactive approach can lead to increased trust from stakeholders and a more resilient operational environment.,1. Develop and implement a structured training program focused on compliance standards. 2. Create comprehensive documentation that outlines clear guidelines for employees. 3. Establish regular feedback mechanisms to assess the effectiveness of training and documentation efforts.,4.1,1.0,0.5
Enhancing Sales Experience Through Feedback Integration,similarity_based,"Integrating feedback mechanisms into the sales experience can significantly boost customer satisfaction and retention, addressing negative sentiments identified in recent interviews.","By prioritizing customer feedback in the sales process, Rev can strengthen its competitive position, improve customer loyalty, and ultimately drive revenue growth.","Develop and implement a structured feedback mechanism within the sales process, train sales teams on utilizing feedback for improvement, and regularly assess customer satisfaction metrics to track progress.",7.14,1.0,0.5
Enhancing Customer Experience Through Real-Time Support,similarity_based,"Implementing real-time support chat features can significantly enhance Rev's customer service by addressing concerns about slow response times, ultimately leading to improved service ratings and reduced customer frustration.",Adopting real-time support chat features aligns with Rev's strategic goal of enhancing customer satisfaction and could lead to increased customer loyalty and retention.,"Invest in the development and integration of real-time support chat features, train support staff on effective chat communication, and monitor customer feedback to assess the impact on service ratings.",7.14,1.0,0.5
Enhancing User Adoption Through Streamlined Onboarding,similarity_based,Rev's onboarding process presents a critical opportunity to boost user adoption and accelerate productivity by addressing current challenges faced by users.,"Improving the onboarding experience can lead to higher user satisfaction, reduced churn rates, and ultimately, increased revenue through enhanced user engagement.","Rev should invest in developing a robust onboarding framework that includes detailed resources, training sessions, and ongoing support to ensure users can quickly become productive.",7.14,1.0,0.5
Enhancing Customer Trust Through Dedicated Support Teams,similarity_based,"Establishing a dedicated team for high-priority support issues can significantly improve service quality, leading to increased customer trust and loyalty.","Investing in a specialized support team aligns with strategic goals of customer retention and satisfaction, potentially reducing churn and enhancing brand reputation.","Form a dedicated support team focused on high-priority issues, implement training programs to enhance responsiveness, and regularly assess customer feedback to refine support strategies.",7.14,1.0,0.5
Enhancing User Satisfaction Through Feature Expansion,similarity_based,"Incorporating user-requested features into product updates can significantly boost user satisfaction and engagement, aligning product development with customer needs.","By prioritizing user feedback in product development, Rev can strengthen customer loyalty, reduce churn, and potentially increase market share.","Conduct a thorough analysis of user requests, prioritize feature development based on demand, and implement a feedback loop to continuously engage users in the product enhancement process.",7.14,1.0,0.5
Enhancing Employee Retention Through Comprehensive Onboarding,similarity_based,Implementing a robust onboarding program with structured feedback and support can significantly boost employee satisfaction and retention rates.,"A well-structured onboarding process aligns with strategic goals of enhancing workforce stability and engagement, ultimately contributing to organizational performance.",Develop and implement a comprehensive onboarding program that includes regular feedback loops and accessible support resources for new employees.,7.46,1.0,0.5
Enhancing Customer Support Responsiveness to Boost User Satisfaction,similarity_based,Implementing a more responsive customer support system can significantly enhance user satisfaction by addressing the prevalent frustration with support delays.,"Improving support responsiveness aligns with strategic goals of customer retention and satisfaction, potentially leading to increased loyalty and positive word-of-mouth.","Revamp the customer support system to prioritize quick resolution times, invest in training for support staff, and implement a feedback loop to continuously assess user satisfaction.",4.92,1.0,0.5
Enhancing User Satisfaction through Comprehensive Feedback Mechanisms,similarity_based,"Implementing a robust feedback system can significantly elevate product capabilities and user satisfaction, addressing critical issues identified in user interviews.","A comprehensive feedback mechanism positions Rev to better align product development with user needs, potentially leading to increased market competitiveness and customer loyalty.","Develop and implement a structured feedback mechanism to regularly collect and analyze user insights, ensuring that product enhancements are directly informed by user experiences.",7.31,1.0,0.5
Enhancing Client Satisfaction through Improved Commercial Terms Clarity,similarity_based,"Implementing a comprehensive review process for commercial terms can significantly mitigate client confusion and dissatisfaction, as highlighted by negative feedback in recent interviews.","Addressing these concerns can lead to improved client relationships, increased trust, and potentially higher retention rates, aligning with strategic goals of customer satisfaction and loyalty.","Revise and implement a structured commercial terms review process, engage clients for feedback on proposed changes, and provide training for staff on new pricing structures to ensure consistent communication.",6.24,1.0,0.5
Enhancing Onboarding Experience to Boost User Adoption,similarity_based,"Rev's onboarding process can significantly benefit from the integration of interactive training modules and continuous support, addressing common challenges faced by users.","By enhancing the onboarding experience, Rev can foster higher user engagement, reduce training time, and ultimately drive better business outcomes through increased adoption rates.",Implement interactive training modules and establish a framework for ongoing support to facilitate a smoother onboarding process and enhance user proficiency.,6.24,1.0,0.5
Enhancing Customer Satisfaction through Dedicated Support Teams,similarity_based,Rev's potential to boost customer satisfaction and retention hinges on improving response times by implementing a dedicated support team.,"Adopting a dedicated support team aligns with strategic goals of enhancing customer experience and loyalty, ultimately driving revenue growth.","Invest in a dedicated support team to streamline customer inquiries, monitor response times, and regularly assess customer satisfaction metrics.",6.24,1.0,0.5
Enhancing User Engagement through Advanced Analytics Integration,similarity_based,"Integrating advanced analytics tools can significantly improve Rev's ability to assess user engagement and product performance, leading to increased user satisfaction and retention.","By adopting advanced analytics, Rev can gain deeper insights into user behavior, allowing for targeted improvements in product offerings and customer interactions.","Invest in advanced analytics tools and training for staff to leverage data insights effectively, and conduct regular assessments of user engagement metrics to inform strategic decisions.",8.63,1.0,0.5
Enhancing Visibility of AI Cost-Reduction Features to Boost User Engagement,similarity_based,"Integrating a more prominent AI cost-reduction feature on Rev's website could significantly enhance user awareness and engagement, addressing current visibility concerns expressed by users.","Improving visibility aligns with strategic goals of increasing user engagement and satisfaction, potentially leading to higher conversion rates and customer retention.","Develop and implement a marketing strategy that highlights the AI cost-reduction feature prominently on the website, including user testimonials and case studies to demonstrate value.",4.65,1.0,0.5
Targeted Outreach Program to Enhance Engagement,similarity_based,Developing a targeted outreach program aimed at firms similar to those represented by interviewees could significantly boost awareness and interest in Rev's offerings.,"Implementing this program could strengthen Rev's market presence and foster relationships with key industry players, ultimately leading to increased business opportunities.","Initiate the development of a targeted outreach program, identify firms for engagement, and allocate resources for effective communication strategies.",5.2,1.0,0.5
Enhancing Transcription Accuracy to Elevate Service Quality,similarity_based,"Implementing a rigorous quality assurance process for transcription accuracy is crucial for Rev to enhance service quality and mitigate user dissatisfaction, as highlighted by moderate concerns from multiple interviews.","Addressing transcription accuracy aligns with Rev's strategic goal of delivering superior service quality, potentially leading to increased customer loyalty and competitive advantage in the market.","Rev should prioritize the development and implementation of a comprehensive quality assurance framework for transcription services, including regular audits, staff training, and user feedback mechanisms.",4.83,1.0,0.5
Enhancing Security Compliance Through Training Initiatives,similarity_based,Implementing regular training sessions and updates on regulatory changes can significantly mitigate compliance risks and bolster the organization's security framework.,"Strengthening compliance measures aligns with strategic goals of risk management and operational integrity, fostering trust with stakeholders and regulatory bodies.","Develop and implement a comprehensive training program focused on security compliance, incorporating regular updates on regulatory changes to ensure ongoing awareness and adherence.",4.14,1.0,0.5
Leveraging AI for Enhanced Market Positioning,similarity_based,Rev has an opportunity to bolster its market position and reputation by implementing a targeted marketing strategy that emphasizes its AI capabilities in cost reduction.,"Highlighting AI's role in cost reduction can shift public perception, potentially leading to increased customer trust and market share.","Develop and launch a marketing campaign focused on AI-driven cost savings, incorporating customer testimonials and case studies to reinforce credibility.",6.0,1.0,0.5
Enhancing User Satisfaction through a Comprehensive Feedback System,similarity_based,"Implementing a robust feedback mechanism can significantly elevate product satisfaction and mitigate user frustration, as highlighted by negative sentiment regarding usability in recent interviews.","A strategic focus on user feedback can lead to improved product iterations, fostering customer loyalty and potentially increasing market share.","Develop and implement a comprehensive feedback system to regularly gather user insights, analyze the data for actionable improvements, and prioritize usability enhancements in product development.",6.7,1.0,0.5
Enhancing User Satisfaction through Advanced Analytics Integration,similarity_based,"Integrating advanced analytics tools can significantly enhance Rev's understanding of user needs, leading to improved product capabilities and increased user satisfaction.","By leveraging advanced analytics, Rev can align product development more closely with user expectations, potentially leading to higher retention rates and competitive advantage in the market.","Invest in advanced analytics tools and training for staff to analyze user data effectively, and establish a continuous feedback loop with users to refine product offerings.",5.16,1.0,0.5
Enhancing Clarity in Commercial Terms to Boost Customer Satisfaction,similarity_based,"Rev's current commercial terms lack clarity, leading to customer dissatisfaction and misunderstandings. By refining these terms, Rev can enhance customer experience and loyalty.",Improving clarity in commercial terms aligns with Rev's strategic goal of enhancing customer relationships and could lead to increased retention and reduced churn.,"Rev should develop clearer guidelines and expectations for service usage, engage customers in the revision process, and implement regular feedback mechanisms to ensure ongoing clarity.",6.0,1.0,0.5
Enhancing Security Compliance Through Robust Training Initiatives,similarity_based,Strengthening security compliance measures is crucial for reducing the risk of breaches and fostering user confidence in data protection.,"Investing in enhanced training can mitigate compliance risks and improve overall user trust, aligning with strategic goals of risk management and customer satisfaction.",Implement comprehensive training programs focused on security compliance and allocate resources for ongoing support to ensure sustained adherence to best practices.,6.0,1.0,0.5
Enhancing User Satisfaction through Comprehensive Feedback Systems,similarity_based,"Implementing a robust feedback mechanism can significantly mitigate user dissatisfaction and reduce critical issues, fostering a more positive user experience.","A strategic focus on user feedback can lead to improved product offerings, increased customer loyalty, and a stronger market position.","Develop and implement a comprehensive feedback system to gather, analyze, and act on user concerns, ensuring continuous improvement and user engagement.",5.95,1.0,0.5
Enhancing Support Service Quality through Specialized Training,similarity_based,"Investing in specialized training for support staff can significantly enhance service quality, leading to improved resolution times and increased customer trust.","Elevating support service quality aligns with strategic goals of customer satisfaction and retention, potentially leading to increased loyalty and revenue.","Implement a specialized training program for support staff, monitor resolution times, and gather customer feedback to assess improvements in service quality.",6.17,1.0,0.5
Enhancing Sales Performance through Comprehensive Training Programs,similarity_based,Implementing a robust training program for sales partnerships can address inconsistencies in sales experiences and drive both performance and partner satisfaction.,"A focused training initiative could lead to improved sales outcomes, stronger partner relationships, and a competitive advantage in the market.","Develop and launch a comprehensive training program that emphasizes best practices and collaboration among sales partners, while regularly assessing its impact on sales performance and partner satisfaction.",6.0,1.0,0.5
Enhancing Vendor Reliability through Stability Assessments,similarity_based,"Implementing a vendor stability assessment framework can significantly mitigate risks associated with vendor disruptions, as concerns about reliability have been consistently highlighted across multiple interviews.","By proactively assessing vendor performance, Rev can enhance operational resilience, improve supply chain stability, and foster stronger vendor relationships, ultimately leading to better service delivery and customer satisfaction.","Develop and implement a comprehensive vendor stability assessment framework, including regular performance evaluations and risk monitoring, to ensure ongoing vendor reliability and minimize disruption risks.",5.0,1.0,0.5
Enhancing Vendor Reliability through Stability Assessments,similarity_based,"Implementing a vendor stability assessment framework can significantly mitigate concerns regarding vendor reliability, thereby enhancing overall service quality.","Addressing vendor performance issues proactively can lead to improved service delivery, reduced operational risks, and strengthened partnerships with key vendors.","Establish a vendor stability assessment framework to regularly evaluate vendor performance, address identified issues, and enhance communication with vendors to foster reliability.",5.0,1.0,0.5
Enhancing Product Performance through Comprehensive Capability Assessment,similarity_based,Rev has an opportunity to significantly boost product performance and user satisfaction by implementing a structured product capability assessment framework. This initiative addresses identified gaps and aligns with user feedback from multiple interviews.,"By prioritizing product capability assessments, Rev can enhance its competitive edge, foster customer loyalty, and drive long-term growth through improved user experiences.","Develop and implement a comprehensive product capability assessment framework, engage stakeholders for feedback, and establish metrics to evaluate improvements in product performance and user satisfaction.",6.92,1.0,0.5
Enhancing Security Compliance Through Regular Audits,similarity_based,"Rev has a significant opportunity to bolster its security posture by implementing regular audits and updates to compliance protocols, addressing 36 findings from multiple assessments.","Improving compliance features can mitigate risks, enhance trust with stakeholders, and position Rev as a leader in security standards within the industry.","Implement a structured schedule for regular security audits, update compliance protocols based on audit findings, and invest in training for staff on compliance best practices.",4.1,1.0,0.5
Enhancing User Satisfaction through Advanced Analytics Integration,similarity_based,"Integrating advanced analytics capabilities into Rev's product offerings presents a significant opportunity to boost user satisfaction and retention, addressing concerns about product performance raised in customer interviews.","By prioritizing the integration of advanced analytics, Rev can differentiate itself in the market, improve customer loyalty, and ultimately drive revenue growth through enhanced user engagement.","Conduct a feasibility study on advanced analytics integration, develop a roadmap for implementation, and engage with users to gather feedback on desired analytics features.",5.62,1.0,0.5
Enhancing Onboarding to Boost Paralegal Job Satisfaction,similarity_based,"Implementing a comprehensive onboarding program with clear guidelines and resources can significantly enhance job satisfaction for paralegals, addressing current negative sentiments and feelings of overwhelm.","A well-structured onboarding process can lead to increased employee engagement, reduced turnover, and a more efficient integration of new hires, ultimately benefiting organizational performance.","Develop and implement a comprehensive onboarding program tailored for paralegals, including clear guidelines, resources, and ongoing support to alleviate overwhelm and enhance job satisfaction.",7.0,1.0,0.5
