id,client_id,theme_id,theme_type,competitive_flag,theme_title,theme_statement,classification,deal_context,metadata_insights,primary_quote,secondary_quote,supporting_finding_ids,company_ids,alert_title,alert_statement,alert_classification,strategic_implications,primary_alert_quote,secondary_alert_quote,supporting_alert_finding_ids,alert_company_ids,created_at,updated_at,action_items,alert_data,theme_data,metadata,analysis_date,alert_id,alert_type,alert_message,alert_priority,recommended_actions,strategic_importance,related_findings,theme_description,theme_name,theme_category,theme_evidence_strength
953,Rev,,theme,False,Operational Efficiency Risks Escalate with Manual Document Tracking,"Operational efficiency declines significantly when legal professionals must manually track speaker mentions across multiple files due to inadequate AI capabilities. Users emphasize the need for automated solutions, stating, 'If I give it 10 files, it should provide an overall analysis without me picking through.'",,,,,,,,,,,,,,,,2025-07-16T13:25:05.887952,2025-07-16T13:25:05.887952,,,,,,,,,,,,,,,,
954,Rev,,theme,False,Cost Justification Becomes Challenging with Inaccurate Transcriptions,"Cost justification for using Rev's services becomes increasingly difficult when transcription accuracy falls below user expectations, leading to dissatisfaction. Interviewees express that they would struggle to justify costs if they have to spend significant time editing transcripts, stating, 'I'd have a hard time justifying a greater cost because of how much work I've had to do.'",,,,,,,,,,,,,,,,2025-07-16T13:25:05.985872,2025-07-16T13:25:05.985872,,,,,,,,,,,,,,,,
955,Rev,,theme,False,Trial Preparation Efficiency Improves with Rapid Access to Transcripts,"Trial preparation efficiency improves significantly when attorneys can access rapid transcripts, allowing them to draft questions and prepare effectively. Users highlight the advantage of using Rev for quick turnaround times, stating, 'I was able to get both witnesses done before they finished with direct.'",,,,,,,,,,,,,,,,2025-07-16T13:25:06.082565,2025-07-16T13:25:06.082565,,,,,,,,,,,,,,,,
956,Rev,,theme,False,Revenue Potential Increases by Targeting High-Volume Case Types,"Legal firms see significant revenue potential by focusing on high-volume case types like DUIs and domestic violence, which present repetitive characteristics. Interviewees suggest that leveraging AI for these cases could yield better outcomes, stating, 'They could easily work on research and get some kind of AI together to tackle.'",,,,,,,,,,,,,,,,2025-07-16T13:25:06.189849,2025-07-16T13:25:06.189849,,,,,,,,,,,,,,,,
957,Rev,,theme,False,User Frustration with Fireflies Affects Software Adoption Decisions,"User frustration with Fireflies impacts software adoption decisions, as unmet expectations around meeting participation lead to consideration of alternative solutions. Users express interest in Rev's offerings, stating, 'I might have to mention to him about this Rev calendar and see if he wants to test that out.'",,,,,,,,,,,,,,,,2025-07-16T13:25:06.288287,2025-07-16T13:25:06.288287,,,,,,,,,,,,,,,,
958,Rev,,theme,False,Legal Compliance Efficiency Compromised by Audio Quality Issues,"Legal compliance efficiency suffers when audio quality is inadequate, complicating the transcription process and affecting usability in court settings. Respondents note that overlapping dialogue creates challenges, stating, 'There are quite a few errors that make it hard to use in court.'",,,,,,,,,,,,,,,,2025-07-16T13:25:06.37688,2025-07-16T13:25:06.37688,,,,,,,,,,,,,,,,
959,Rev,,theme,False,User Adoption Increases with Lower Than Expected Trial Costs,"User adoption of Rev's services increases significantly when initial trial costs are lower than anticipated, enhancing customer satisfaction. Interviewees express surprise at the affordability, stating, 'I thought it was going to cost me, like, you know, $120, and it did not.'",,,,,,,,,,,,,,,,2025-07-16T13:25:06.476038,2025-07-16T13:25:06.476038,,,,,,,,,,,,,,,,
960,Rev,,theme,False,Operational Efficiency Compromised by Reliance on External Vendors,"Adoption of transcription services is hindered by reliance on external vendors, which are often expensive and slow. Users express a preference for Rev's quick turnaround, stating, 'I would rather upload files and have a transcript ready in minutes.'",,,,,,,,,,,,,,,,2025-07-16T13:25:06.569208,2025-07-16T13:25:06.569208,,,,,,,,,,,,,,,,
961,Rev,,theme,False,Competitive Positioning Weakens with Limited Integration Capabilities,"Competitive positioning is jeopardized when integration capabilities with key programs remain limited, affecting user satisfaction and retention. Users highlight the need for broader integrations, stating, 'Connecting it with as many things as possible keeps it front and center.'",,,,,,,,,,,,,,,,2025-07-16T13:25:06.663052,2025-07-16T13:25:06.663052,,,,,,,,,,,,,,,,
962,Rev,,theme,False,Operational Delays Increase Due to Complex Legal Processes,"Operational delays increase significantly when attorneys struggle to navigate complex legal processes, leading to frustration and inefficiencies. Interviewees report that unclear procedural guidelines often result in wasted time, stating, 'I was at my wit's end with this thing.'",,,,,,,,,,,,,,,,2025-07-16T13:25:06.75317,2025-07-16T13:25:06.75317,,,,,,,,,,,,,,,,
963,Rev,,theme,False,Cost Efficiency Improves with Automated Transcription Services,"Cost efficiency improves significantly for law firms using automated transcription services instead of relying on billable hours for manual transcription. Users report that using Rev allows them to save time and reduce costs, stating, 'It's been more cost efficient and just more efficient in general.'",,,,,,,,,,,,,,,,2025-07-16T13:25:06.849447,2025-07-16T13:25:06.849447,,,,,,,,,,,,,,,,
